fips,edu_2014
31117,29.4
31033,26.2
31047,14.8
31071,10.0
31125,14.8
31167,14.7
31175,15.8
32001,14.4
32005,26.3
32027,10.5
32011,22.1
32013,11.9
32033,11.0
32007,18.5
32023,15.5
32029,25.0
32003,22.5
32019,16.1
33005,29.4
33009,36.4
33015,38.1
33019,24.7
33011,35.9
33007,15.8
33003,32.2
34021,40.7
34011,11.4
34035,54.4
31035,16.0
31041,18.8
31061,18.9
31081,26.9
31095,12.6
31101,22.0
31115,19.7
31135,18.6
31155,22.9
31157,22.3
31103,18.0
31105,14.2
31111,20.2
31139,16.4
31165,23.8
31021,16.3
31025,23.2
31039,16.2
31051,12.7
31057,25.5
31075,18.6
31077,14.7
31079,17.5
31085,16.8
31131,21.4
31145,19.0
31027,12.8
31045,39.6
31097,9.6
46065,36.2
46027,43.5
46037,14.7
46043,15.4
46089,14.6
46111,12.3
46119,26.1
46059,16.8
46079,25.8
46135,23.5
46029,18.6
46019,14.6
46031,10.1
46045,26.2
46021,17.0
46007,13.7
46117,26.6
46075,16.1
46107,20.0
46125,18.8
46023,16.1
46061,17.4
46091,20.2
46095,13.6
46105,18.3
46103,27.0
46127,33.9
47031,18.3
47047,23.3
47067,9.9
47073,12.1
47091,7.9
47103,16.5
34029,27.3
47111,7.1
47127,14.2
47147,14.9
47051,18.4
47009,21.9
47021,19.4
47019,14.2
47057,9.4
47055,13.5
47097,8.4
47099,11.2
47113,24.9
47115,14.3
47133,13.6
47137,13.6
47181,6.4
47187,57.1
47003,12.8
47059,14.3
47035,20.9
47175,11.1
47025,9.9
47081,10.1
47085,14.7
47039,12.3
47155,15.3
47161,13.8
47023,12.2
47087,7.0
47109,11.6
47145,18.1
47011,19.7
47063,16.3
47173,8.7
47071,12.0
47043,12.6
47129,6.1
47123,10.7
47079,17.0
47033,12.9
47095,7.0
47093,35.9
47107,16.6
47117,11.6
47143,12.1
47151,9.3
47001,24.6
47049,11.2
47053,14.8
47069,7.5
47105,28.5
47149,28.1
47159,9.1
47189,27.3
47171,15.0
35027,26.6
35005,17.8
35025,12.5
35049,38.6
47141,22.7
35059,15.8
35051,19.8
35053,20.2
35041,19.4
35013,27.4
35028,67.9
35039,14.5
35047,17.5
35061,14.2
35057,13.8
35001,32.6
35035,17.4
35006,9.2
35011,7.7
35019,12.3
35003,20.7
36005,16.1
36067,34.6
36019,19.3
36099,17.2
36079,36.7
36043,20.8
36069,30.4
36107,23.7
36041,21.5
36013,20.3
36047,31.2
36073,15.0
36091,38.4
36021,27.7
36049,13.1
36119,45.5
36025,18.9
36057,14.9
36085,29.6
36089,19.9
36109,50.5
36113,28.8
36023,20.4
36027,32.7
36055,37.2
36065,22.6
36111,28.1
36015,21.9
36051,22.3
36077,25.8
36039,18.2
36001,39.5
36003,17.4
36009,16.3
36053,25.6
36093,29.5
36037,18.0
36123,24.0
37079,8.5
36101,19.5
37121,16.0
37041,16.3
37005,16.8
37027,12.9
37035,22.1
37045,17.2
37049,20.6
37065,8.9
37077,14.7
37085,17.4
37093,16.8
37089,28.7
37095,9.5
37097,24.9
37119,42.7
37131,8.1
37147,28.0
37159,16.3
37181,12.0
37039,16.0
37053,18.5
37179,32.2
37193,11.5
37127,17.7
37003,12.9
34007,29.9
34023,41.8
34033,19.7
34009,30.8
34039,32.1
34017,38.0
34019,49.3
34027,52.0
35023,16.1
35031,10.8
35043,28.3
35017,23.2
35009,17.6
35015,15.8
35033,3.4
35045,15.1
29205,12.7
29225,12.6
29005,21.5
29013,11.7
29015,10.1
29035,15.0
29057,17.2
29115,11.6
29091,12.4
29101,24.3
29105,13.4
29125,11.8
29161,28.8
29165,39.5
29187,12.7
29510,30.6
34001,24.9
29003,21.5
29023,13.2
29033,14.8
29061,14.1
29087,15.0
29127,18.4
29151,15.7
29181,9.0
29219,15.2
29221,6.8
29043,26.8
29063,7.1
29081,11.1
29107,16.8
29001,26.4
29199,15.2
29211,10.3
29045,8.6
29097,20.7
29111,8.9
29119,12.2
29157,13.9
29167,14.1
29177,11.6
30041,22.5
30015,25.9
30099,22.7
30103,12.2
30005,12.6
30097,26.2
30079,12.6
30035,17.8
30025,19.0
30037,19.8
30093,23.5
30095,21.6
30043,33.5
30039,24.9
30107,19.0
30057,28.4
30091,17.9
30011,16.7
30003,15.5
30047,24.9
30049,38.6
41015,21.5
41021,17.0
41027,31.3
41037,16.6
41051,38.9
42103,21.1
42109,16.4
42115,15.7
42039,19.0
42049,25.0
42057,11.8
42067,12.1
42107,14.0
42131,16.4
42001,20.5
42005,13.9
42035,16.1
42025,15.4
42027,41.2
42097,13.5
42095,28.2
42121,15.7
30053,18.5
30067,30.5
42007,23.3
42069,26.2
42083,14.8
42051,13.7
42091,46.8
42033,12.1
42075,19.8
42081,19.6
42093,28.8
42123,18.2
42019,31.5
42047,15.5
42071,24.8
42085,21.2
42105,15.7
45005,8.3
44007,26.8
44001,44.9
45003,25.1
45037,18.6
45023,12.3
45029,13.1
45067,11.9
45063,29.0
45073,24.1
45015,19.9
45019,40.0
45043,24.4
45069,6.2
45007,19.9
45025,10.5
45047,23.2
45051,23.4
45055,18.1
45075,15.5
45083,21.8
45009,16.7
45013,40.0
45017,14.6
45033,7.1
45081,10.2
45079,36.0
45039,12.2
45049,8.9
45045,33.2
45057,20.9
45035,24.6
45041,22.0
45059,13.3
45065,16.8
45077,23.6
45087,12.9
45089,8.6
46003,17.2
46051,15.9
46123,21.4
46113,9.7
46137,9.0
46115,20.1
46015,23.0
42117,17.2
44005,47.2
46011,39.5
46053,17.3
46057,17.8
46099,28.6
46033,24.2
46025,18.9
46049,13.6
46077,24.2
46129,24.4
28061,11.1
28009,10.0
28037,12.5
28027,17.5
28067,16.0
28147,10.5
28095,14.4
28115,11.0
28051,11.3
28005,9.5
28089,46.7
28013,9.2
28091,11.9
28141,11.8
28153,8.2
28041,6.3
28093,10.2
28119,11.5
28109,13.3
28079,9.1
28099,12.5
28121,28.0
28151,16.6
28077,11.4
28111,6.8
28017,9.4
28015,10.2
28039,11.0
28043,14.3
28063,12.5
28101,15.6
28117,10.4
28125,11.6
28019,10.5
28045,23.0
28057,13.3
28055,4.4
28059,20.0
28083,17.2
28143,16.7
28021,11.8
28047,20.1
28075,18.2
28085,12.6
28127,12.0
28159,14.6
28007,15.8
28073,35.6
28081,22.5
28135,6.9
28129,10.5
28149,24.4
28023,9.7
28097,14.2
28105,40.3
42043,29.7
28025,18.6
28031,11.1
28053,10.1
42055,18.3
42119,19.1
42127,17.6
42009,13.3
42089,22.8
42061,12.3
42125,27.8
42101,24.4
42133,22.2
42063,22.2
42041,34.6
42003,38.7
42129,27.2
42053,7.1
42013,19.1
42073,20.0
42015,15.1
42021,19.0
42029,49.8
42011,22.2
42087,12.6
29129,14.6
29229,11.3
29047,31.0
29065,12.1
29195,14.7
29227,12.9
29079,16.2
29141,11.6
29179,5.4
29189,43.8
29209,16.1
29009,12.2
29019,47.5
29051,29.4
29055,11.5
29093,10.6
29117,17.9
28155,19.8
28003,15.8
29135,15.6
29155,11.7
29159,15.0
29203,12.1
29175,13.4
29069,9.9
29071,17.8
29089,21.2
29095,28.0
29131,14.9
29171,13.4
29213,19.0
29021,17.2
29025,11.9
29137,12.2
29059,12.4
29085,8.1
29113,12.5
29145,18.2
29163,9.8
29183,36.9
29031,29.0
30073,23.9
30111,28.2
30063,38.2
30081,24.3
30105,16.5
30013,26.1
30027,29.8
30033,13.1
30061,12.4
30069,13.3
30077,19.2
30089,15.2
30109,19.4
30031,45.4
30059,15.7
30009,28.0
30001,29.9
30029,28.7
30065,11.2
31083,14.3
31185,26.2
31019,32.7
31037,13.1
31087,13.6
31141,21.6
31143,19.7
31013,14.5
31017,22.9
31161,22.4
31109,35.2
31129,16.5
31007,10.6
31063,17.0
31055,36.6
31147,18.3
29037,22.9
29049,16.9
31089,17.0
31065,21.6
31151,13.4
31173,12.5
31177,28.0
31031,20.6
31053,18.5
31069,22.6
31123,15.9
31127,27.3
31171,14.6
31043,11.9
31003,14.6
31029,18.2
21191,9.3
21201,11.4
21207,10.7
21215,17.0
21229,16.1
21011,9.6
21087,10.4
21007,12.6
21009,13.7
21021,21.9
21091,13.3
21095,10.5
21159,6.0
21093,22.0
21137,8.9
21149,10.3
21171,12.1
21183,6.0
21197,12.1
21233,7.4
21033,13.2
21045,6.8
21047,15.8
21085,8.0
21103,11.9
21107,12.9
21125,11.1
21157,15.3
21173,17.9
21181,12.0
21187,13.2
21209,27.2
21227,25.9
21017,13.8
21019,16.3
21055,9.9
21067,41.7
21115,9.5
21165,10.8
21175,10.4
21193,11.7
21199,13.8
21051,8.2
21001,12.5
21025,10.1
21083,15.6
21099,8.5
21031,6.5
21223,12.6
21097,13.4
21105,9.6
21143,17.5
21231,8.5
21135,9.7
21221,16.7
21239,30.9
21131,4.9
21113,27.3
21127,10.5
21139,10.0
21145,23.0
21211,26.1
21235,12.8
20115,20.9
20013,22.2
20161,45.6
20041,18.5
21079,17.6
21037,28.4
21081,11.1
21141,11.4
21167,17.9
21225,10.3
21035,28.0
21059,19.5
21101,15.7
21109,7.5
21163,12.6
21185,37.1
21005,15.9
21027,8.8
21071,10.2
21075,11.2
21203,7.9
21003,11.4
21029,11.7
21119,10.2
21177,6.4
21237,9.0
21013,9.8
21057,10.0
21129,4.7
21061,9.8
21023,11.6
21179,14.7
21155,9.5
21015,32.1
21121,7.9
21133,10.9
21195,11.8
21077,8.0
22115,18.1
22085,13.5
22053,13.4
22125,14.7
22013,11.5
22023,10.0
22075,12.2
22117,8.9
22001,9.6
22103,30.6
22017,22.9
22005,25.0
22045,12.8
22091,8.0
22031,12.0
22063,15.7
22069,18.6
22025,8.6
22041,9.6
22049,10.7
22089,17.3
22107,11.0
23017,17.5
24001,14.4
24003,37.5
24009,28.2
24031,59.2
24037,31.8
24019,16.8
24015,21.1
25001,39.5
25003,31.2
25023,33.7
25021,50.4
25019,40.1
26115,17.9
26059,15.5
26127,15.7
26035,9.5
21151,27.6
21073,27.2
21117,29.4
21147,5.7
21153,6.5
21169,10.3
21189,11.9
21205,19.1
21213,14.4
21217,14.6
21049,18.5
21219,9.6
21039,14.3
21041,9.7
21053,7.9
21065,5.7
22083,12.4
22099,12.6
22127,12.2
22033,34.4
22003,9.1
22065,11.3
22093,11.5
22043,6.4
22051,23.3
22011,14.2
22015,25.2
22037,10.8
22095,14.5
22073,21.2
22079,17.7
22097,10.9
22105,17.3
22101,9.4
22123,8.5
22111,9.0
22021,8.6
22035,6.5
22055,29.5
22039,10.4
22061,32.1
22087,10.8
22119,14.5
22121,15.3
22047,10.3
22081,9.7
22067,12.5
22071,33.9
22109,11.6
22019,18.7
22027,11.1
22009,8.1
22007,9.0
22077,11.4
22113,12.1
22057,13.6
22029,9.1
22059,9.2
26111,33.0
26083,24.5
26139,30.9
26007,15.1
26129,10.5
26039,14.0
26057,12.2
26091,17.6
26097,16.1
26061,31.0
26085,9.1
26141,16.6
26077,35.0
26123,12.7
26025,20.4
26081,33.1
26145,19.6
26017,19.0
26041,18.6
27071,17.9
27097,14.5
27147,25.8
27001,14.8
27101,16.7
27067,22.6
27133,16.9
27155,14.9
27053,47.2
27023,16.6
27029,14.2
27059,14.4
27099,17.9
27109,39.8
01115,15.0
01003,28.9
01069,20.6
01125,25.6
01031,23.9
01109,23.8
27041,24.3
27079,20.2
27025,20.0
27153,13.0
27055,19.3
27111,23.4
27137,26.1
27037,40.5
27089,15.4
27163,41.8
27065,10.6
01017,13.7
01101,30.5
01067,15.6
01123,17.3
02016,14.8
02188,12.8
02185,11.8
02090,26.5
02180,13.6
02122,21.4
02282,17.4
02240,22.1
02013,11.0
02198,15.2
04019,31.2
04009,13.0
04012,11.2
04001,8.4
04027,13.7
04021,17.3
05021,7.8
05043,18.8
05125,22.8
05009,15.5
05041,10.3
05051,22.9
05115,20.2
05147,8.3
05067,8.8
05137,15.4
05005,18.1
05055,13.6
05107,11.9
05149,11.0
05019,22.5
05095,10.9
05103,16.9
05001,14.0
05015,16.5
05119,32.6
06033,17.2
06049,17.9
06027,23.7
06083,31.6
06025,12.3
06001,42.0
06055,30.7
06075,53.8
06011,13.1
06031,10.4
06019,18.9
06059,39.0
06101,18.7
06077,17.6
08007,35.6
08055,28.7
08015,33.4
08045,26.8
08079,45.2
08115,18.2
08027,35.3
08001,21.2
08065,26.0
08097,55.1
08017,23.0
08033,20.9
08069,44.2
08113,53.2
08029,17.9
08039,29.6
08125,16.3
08117,41.2
09015,20.7
09007,39.5
12133,10.3
12009,29.3
12069,21.9
12105,18.1
12043,9.2
12063,13.6
12117,36.4
12005,20.9
12045,12.6
12097,16.6
12131,25.4
12065,13.1
12049,8.9
12095,30.7
12041,10.1
12001,41.5
12015,22.6
12085,33.5
12115,34.2
12017,17.8
12113,27.0
12011,30.9
12087,29.0
13291,18.0
13311,20.3
13223,20.9
13245,19.4
13019,12.8
13013,14.9
13065,9.8
13131,12.8
13313,14.3
13193,8.4
13145,28.3
13321,7.6
13093,6.2
13307,3.5
13125,10.7
13051,31.3
13167,7.3
13195,13.7
13277,15.9
13263,10.1
13273,10.3
13319,5.3
13243,16.1
13299,12.7
13315,7.5
13155,10.6
13005,10.3
13033,9.1
13053,35.7
13087,13.7
13137,17.7
13029,32.8
13191,14.3
13207,19.0
13265,7.5
13039,20.9
13079,8.6
13069,9.8
13123,18.0
13297,17.5
13091,11.0
13057,34.9
13177,20.7
13227,23.5
13075,13.0
13121,50.2
15001,24.0
15007,25.8
16031,18.0
16063,11.8
16041,21.1
16027,18.0
16057,43.3
16009,11.4
16033,24.7
16043,20.8
16049,15.9
16077,12.8
17119,25.0
17131,13.9
17167,35.0
17157,9.6
17141,19.7
17177,17.8
17193,13.1
17071,14.0
17113,44.6
17149,13.9
17161,21.7
17185,16.2
17035,11.7
17089,32.1
17009,10.3
17123,17.1
17021,12.4
17077,33.5
17181,19.8
17165,13.9
17195,16.6
17037,28.9
17079,14.8
17197,31.9
17041,14.1
17061,11.7
17069,9.8
17095,17.8
17127,14.1
17179,25.3
18061,13.7
18169,16.6
18075,8.6
23021,17.9
23015,30.6
23027,26.8
23019,23.6
23001,18.6
23003,16.3
23029,18.7
23005,40.6
23013,29.1
23023,30.2
23031,28.2
23011,24.0
23007,25.1
23025,14.6
23009,30.9
24047,27.7
24510,27.3
24039,10.8
24041,34.4
24025,34.3
24027,63.1
24033,28.2
24005,36.2
24021,39.4
24023,17.2
24029,24.8
24013,32.5
24035,33.0
24017,25.5
24043,18.6
24045,26.3
24011,12.7
25025,41.1
25007,38.1
25017,52.1
25005,25.7
25013,24.5
25009,38.3
25011,31.0
25027,34.4
25015,40.7
26033,16.7
26005,20.2
26125,46.0
26003,14.1
26121,16.8
26089,41.6
26087,15.4
26151,10.7
26073,25.6
26131,17.2
26157,12.4
26001,14.0
26067,12.6
26079,11.1
26021,26.4
26135,8.4
26165,16.8
26037,27.4
18057,58.7
18127,26.6
18147,15.2
18157,35.7
18087,9.9
18011,43.8
18107,18.3
18019,18.4
18021,13.2
18047,15.0
18071,15.7
18129,19.7
18165,14.2
18003,27.3
18043,25.0
18081,28.7
18051,14.6
18117,11.9
18099,16.4
18009,9.4
18143,11.9
18039,18.4
18017,12.6
18177,16.1
19023,14.1
19079,17.3
19175,14.9
19195,13.7
19001,12.3
19037,11.9
19059,26.2
19107,13.3
19171,14.2
19069,15.5
19031,18.8
19067,16.9
19115,14.1
19091,17.0
19183,20.0
19035,18.7
19057,20.4
19109,18.2
19139,18.8
19153,35.6
19193,21.9
19097,11.9
19111,14.4
19181,28.1
19149,17.7
19041,19.0
19055,11.7
19185,10.8
19163,32.4
20181,17.3
20193,28.6
20127,13.2
20163,19.3
20025,33.1
20077,18.5
20111,22.9
20145,17.8
26043,22.3
26063,12.6
26065,37.0
20033,21.7
20063,20.0
20079,25.9
20089,12.3
20093,16.0
20159,21.8
20185,15.9
20113,26.9
20139,18.1
20071,22.3
20031,19.2
20037,28.7
20051,31.5
20073,15.3
20099,19.8
20107,12.5
20173,29.2
20175,11.6
20157,19.8
20065,26.8
20091,54.1
20045,47.8
20179,20.9
20121,22.5
20199,16.9
20189,11.9
20183,17.3
20085,16.3
20095,21.6
20131,17.4
20209,14.7
20021,16.7
20027,20.9
20105,20.4
20191,17.4
20195,19.0
20205,11.1
20123,24.6
20135,20.9
20005,14.8
20011,19.5
20075,12.0
20103,30.2
20177,28.5
20203,19.5
20019,17.8
20137,15.7
20155,19.6
20029,16.4
20047,20.1
20081,17.5
20165,20.9
20171,24.4
20133,19.4
20143,16.8
20147,20.8
20007,17.8
20039,27.0
20087,17.0
21089,14.0
26105,19.5
26109,15.7
26117,12.4
26113,13.0
26149,14.9
26147,16.8
26159,17.2
26161,51.6
26011,10.3
26015,16.6
26027,16.0
26071,20.4
26019,24.0
26143,15.0
26153,14.1
26163,21.5
26023,12.1
26055,30.9
26075,17.4
26049,19.0
26009,25.5
26093,33.4
26069,14.2
26101,19.2
26119,9.7
26051,12.9
26107,23.6
26103,27.5
26133,11.1
26137,22.5
26031,18.6
26095,10.8
26099,23.7
26155,12.9
26013,8.7
26029,28.7
26045,24.6
26053,17.6
26047,35.6
27093,16.9
27113,17.1
27131,26.3
27167,14.2
27125,15.5
27027,28.7
27043,16.8
27045,17.0
27075,23.1
27119,20.0
27135,17.4
27143,12.7
27165,13.0
27005,21.5
27011,17.4
27015,22.3
27021,19.3
21111,31.5
21069,9.6
21043,10.3
21063,2.8
21123,10.2
21161,11.9
72077,18.2
72001,13.9
72067,16.4
72105,10.5
72013,17.2
72054,7.2
72099,16.1
72123,12.9
72153,14.2
72023,18.8
72083,9.7
72149,11.4
72003,14.4
72041,15.2
72089,11.7
72107,9.6
72037,12.4
72071,12.6
72085,14.6
72143,14.3
20069,21.5
20017,19.2
20067,17.0
20109,16.7
20149,30.0
20015,26.0
20169,24.8
20197,20.2
20207,17.2
20141,21.3
20055,17.8
20097,21.5
20201,13.1
20129,17.4
20009,16.2
20043,15.2
20101,24.8
27091,17.0
27049,22.0
27057,24.9
27063,16.6
27105,12.9
27115,11.5
56031,18.6
56033,30.2
56003,19.0
56011,20.5
56029,29.2
56001,49.4
56007,14.5
56015,19.2
56041,17.5
56043,21.8
56017,18.9
56013,22.6
56035,24.8
56045,16.4
37075,13.1
37185,12.6
37195,15.7
37073,8.3
37115,18.5
37137,17.4
37149,26.6
37151,13.0
37169,12.4
37187,8.0
37043,20.2
37051,22.6
37081,33.6
37099,28.1
37139,14.8
37155,11.2
37173,14.7
37183,49.1
37007,9.0
37111,13.4
37069,16.3
37103,11.2
37113,22.7
37019,26.4
37175,29.6
37013,17.2
37047,10.2
37109,20.8
37123,15.6
37135,55.7
37153,11.3
37163,10.7
37171,14.1
37011,17.9
37021,33.3
37025,25.4
37033,7.8
37059,25.4
37057,16.5
37061,8.6
37063,43.3
37091,12.8
37105,19.5
37129,36.5
37141,21.6
37191,15.6
37055,28.1
37165,13.2
72009,16.7
72059,13.8
72079,10.2
72121,12.9
72027,17.1
72055,11.0
72091,17.9
72103,15.4
72125,18.9
72141,12.2
72015,9.6
72033,19.4
72115,14.5
72057,14.4
72049,9.3
72063,27.7
72017,12.1
72087,8.8
72061,43.3
72005,18.4
72053,16.8
72109,11.3
72117,15.3
72007,11.3
72021,21.8
72031,24.5
72035,18.7
72065,14.9
72069,18.4
72075,15.6
72101,11.2
72097,18.6
72133,17.0
72139,28.5
72047,10.8
72095,11.6
72111,10.7
72113,20.8
72131,11.7
72135,23.0
72137,14.8
72147,13.6
72151,9.5
72025,24.9
72029,13.7
72043,12.1
72051,25.3
72019,12.8
72129,14.3
72011,11.4
38089,22.2
37083,10.4
37001,20.8
37177,6.7
38103,19.0
38013,17.4
38061,16.5
38105,18.0
38007,17.9
38043,16.4
38019,16.5
38037,14.0
38049,14.8
38091,15.2
38005,11.4
38045,22.3
38059,21.1
38025,16.0
38051,17.4
38063,16.5
38079,15.9
38099,17.3
38009,15.8
38003,23.1
38035,31.3
38053,19.3
38055,16.3
38069,13.9
38075,17.6
38011,16.8
38015,31.6
38047,11.8
38065,19.4
38093,19.9
38071,21.2
38031,18.1
38039,19.3
38083,18.8
38087,23.8
39159,26.5
39131,11.1
39125,11.3
39061,36.0
39049,37.8
39101,11.5
39157,14.1
37189,39.5
39169,19.7
39015,10.6
72081,13.4
72039,7.4
72045,6.4
72073,11.2
72119,11.7
72127,32.8
72145,15.9
72093,10.3
39139,15.0
39067,8.5
39083,22.9
39089,22.2
39163,6.2
39019,10.5
39063,25.8
39025,27.1
39045,26.3
39039,14.6
39071,10.1
39069,13.8
39081,14.4
39133,24.7
39137,19.4
39013,14.3
39027,15.6
39047,12.8
39127,10.2
39129,14.8
39097,13.8
39119,14.8
39143,12.2
39161,16.5
39167,15.6
39011,17.0
39037,11.6
39123,21.6
39065,14.5
39079,15.3
39077,11.5
39009,27.0
39001,9.1
39103,31.4
39095,23.9
39121,7.3
39147,13.5
39151,22.2
39031,13.3
39041,53.2
39055,36.6
39073,13.1
39085,26.9
39141,14.1
39035,31.3
39075,7.0
39109,20.4
39017,28.9
39111,9.2
39155,17.0
39173,30.8
39005,19.5
40147,27.9
40059,20.2
40083,27.6
40143,31.2
40057,19.9
40061,10.1
40111,14.0
40113,17.4
40067,12.0
40047,21.1
40049,13.7
40121,14.9
40123,23.8
40129,20.1
40153,17.8
40021,20.5
40041,16.2
40045,24.7
40051,16.1
40119,35.2
40125,17.8
40037,13.7
40141,15.0
40149,16.2
40033,16.3
40075,21.2
40079,11.4
40089,12.1
40093,16.0
40097,14.2
40109,30.8
40039,23.8
40085,12.6
40009,15.2
40023,11.0
40065,19.5
40081,12.6
40117,15.1
40133,11.6
40025,17.1
40011,14.2
40029,11.1
40053,20.9
40073,20.9
40087,19.7
40095,14.0
40103,19.7
40043,19.1
40105,12.2
40131,23.3
40027,30.8
40135,11.6
40003,19.0
40151,23.7
40107,8.6
40005,11.2
41061,23.9
41047,22.0
41019,16.1
41031,16.3
41053,30.7
41017,32.9
41043,18.5
41071,21.6
41001,21.3
41035,20.5
41041,24.3
41003,52.7
41013,15.4
41055,17.9
41025,16.6
41045,12.9
41063,25.3
41069,10.9
41049,9.1
41011,20.7
47177,12.1
47179,30.6
47183,18.1
47005,8.9
47007,7.7
47013,9.7
47015,11.4
47083,8.6
47119,19.9
48373,10.2
48391,9.7
48467,14.2
48055,13.4
48487,17.2
48317,19.1
48383,9.7
48501,15.4
48189,13.5
48419,12.1
48387,15.1
48399,17.5
48435,19.8
48451,21.8
48469,15.4
48481,13.6
48181,20.3
48033,28.7
48315,13.8
48323,11.8
48297,12.3
48363,16.0
48255,8.6
48123,12.7
48059,13.1
48067,12.0
48183,21.0
48313,8.5
48303,28.3
48257,18.5
48259,41.4
48153,14.9
48017,10.4
48071,16.4
48027,21.3
48061,16.2
48117,13.6
48141,21.1
48283,12.1
48443,20.3
48457,10.2
48483,16.1
48009,16.9
48043,31.9
48215,15.9
48423,25.6
48105,11.3
48207,16.7
48227,11.0
48333,22.9
48337,16.9
48365,10.4
48403,13.1
48421,18.8
48437,16.8
48231,17.4
48063,12.2
48195,21.0
48187,25.9
48077,18.1
48205,15.1
48217,14.5
48293,13.6
48485,20.2
48347,23.4
48369,15.5
48367,25.6
48169,8.5
48465,16.7
48109,12.5
48135,13.9
48173,29.1
48185,9.8
48085,52.5
48005,13.9
48101,18.0
48209,36.1
48039,26.5
48129,14.0
48013,12.8
48353,13.1
48229,10.0
48475,13.1
48203,16.7
48327,17.8
48149,16.0
48491,39.6
48233,12.6
48343,8.8
48361,12.4
48495,9.3
48201,29.5
48053,24.4
48171,37.0
48113,29.3
48311,4.1
48503,18.4
48251,16.4
48223,15.1
48357,12.6
48275,11.6
48309,22.8
48095,11.3
48137,29.2
48133,12.9
48243,43.1
48247,9.0
48339,33.9
48127,7.7
48479,16.6
48011,22.7
48069,12.9
48273,24.6
48097,20.6
48377,27.1
48107,11.4
48151,13.7
48131,6.2
48271,9.6
48031,24.5
48241,10.8
48245,16.8
48359,30.6
48279,13.2
48295,20.2
48307,14.3
48319,23.2
48125,12.9
48287,14.8
48439,30.6
48001,8.7
48139,21.2
48239,13.3
48265,30.4
48331,14.9
48093,19.1
48145,9.8
48047,7.4
48015,19.4
48261,19.1
48089,16.5
48409,15.0
48381,30.3
48411,13.5
48413,26.9
48507,8.8
48057,15.5
48155,29.7
48175,17.0
48193,21.0
48335,6.4
48449,13.9
48285,14.2
48445,11.2
48497,16.2
48321,16.0
48371,8.3
48397,38.3
48441,24.7
48447,22.2
48471,15.3
48499,18.9
48007,20.5
48079,12.9
48081,19.6
48099,14.7
48211,22.3
48341,13.1
48375,13.8
48461,9.5
48405,9.1
48417,24.1
48427,8.1
48049,16.2
48191,15.0
48159,23.8
48163,8.2
48281,19.9
50019,17.0
50013,34.2
50007,47.5
50015,32.1
50011,19.9
50005,22.7
50025,30.9
50003,29.6
50001,31.7
50009,11.9
50023,36.9
49027,21.0
49045,21.9
49053,30.8
49025,23.7
49043,51.5
49019,21.8
49031,13.3
49033,20.1
49051,35.7
49001,17.9
49003,24.5
49021,28.7
49039,21.7
49041,18.8
49057,25.3
49037,18.8
49035,32.9
49009,24.5
49055,27.7
49007,13.8
49029,37.8
49005,38.3
49023,18.1
51095,49.4
51167,10.3
51173,14.3
51540,50.1
51031,19.0
51087,41.2
51099,32.5
51103,33.8
51105,9.8
51115,26.2
51119,27.5
51149,15.1
51159,10.8
51169,10.6
51177,29.4
51011,12.5
51067,18.5
51049,15.0
51097,14.4
51121,46.2
51127,21.1
51051,9.4
51083,12.2
51107,60.4
51153,38.7
51175,12.9
51091,16.3
51033,18.5
51073,22.1
51141,11.1
51145,27.7
51171,18.6
51061,35.2
51790,31.1
53003,19.6
53001,12.7
53023,19.2
53045,19.0
53057,25.6
53065,18.0
53063,29.1
53043,19.8
53007,24.3
53031,37.3
53035,30.4
53033,48.2
53049,17.8
53051,15.5
53055,46.2
53059,20.5
53075,48.4
53077,15.1
53009,25.7
53015,15.9
53019,15.7
53041,14.7
53017,19.1
53029,31.5
53053,23.8
53021,16.0
53071,27.6
53073,33.8
54023,13.0
54027,7.4
54009,15.7
54017,9.4
54031,10.9
54049,20.9
54059,7.7
54029,17.4
54051,14.7
54067,12.5
54093,12.0
54095,10.2
54087,11.9
54053,9.9
54091,12.3
54107,19.4
54021,10.9
54063,12.2
54073,10.6
54011,28.5
54037,29.2
54045,6.7
54071,15.9
54033,20.7
54069,29.5
54013,6.7
54065,16.1
54081,16.5
54079,25.7
54001,12.2
54047,5.4
54099,14.0
54035,16.3
54055,17.5
54097,15.6
54101,6.3
54003,20.0
54019,11.2
55051,20.7
55019,9.6
55109,30.8
55083,13.2
55069,15.2
55135,15.3
55005,15.4
55113,22.6
55047,16.3
55099,17.0
55077,11.6
55075,13.4
55079,28.2
55101,21.9
55139,24.5
55041,11.4
55045,20.2
55107,12.7
55115,13.1
55067,13.4
55087,26.3
55123,18.3
55021,20.1
55061,12.8
55009,26.8
55035,30.0
55085,24.3
55095,17.8
55129,21.7
55133,41.6
55127,26.1
55023,13.7
55057,10.8
55025,47.8
55111,20.8
55131,27.7
55017,17.4
55031,20.8
55053,12.9
55049,21.1
55089,49.3
55097,27.4
55105,18.9
55119,12.6
55001,10.8
55007,26.6
55081,15.9
55141,17.6
55003,22.4
55037,15.3
55055,21.3
56005,16.5
56023,22.6
56025,19.8
56009,17.5
56027,22.0
56037,16.6
51065,27.9
51007,12.7
51750,35.4
51840,29.2
51001,18.1
51045,17.9
51063,14.1
51071,17.2
51077,11.0
51135,9.1
51157,33.5
51036,9.8
51047,21.0
51053,9.7
51079,23.2
51085,35.7
51111,9.1
51137,25.6
51595,14.9
51197,15.1
51550,28.1
51660,32.4
51003,53.1
51019,26.1
51029,7.9
51195,11.7
51580,10.5
51740,18.3
51810,33.0
51005,16.0
51640,11.5
51193,13.1
51133,25.0
51155,15.2
51187,19.8
51017,19.8
51590,18.0
51630,39.5
51009,17.5
51670,9.9
51700,23.0
51069,28.3
51680,34.7
51199,45.5
51690,15.9
51125,24.8
51143,11.7
51530,15.5
51610,79.0
51730,12.4
51735,38.4
51600,56.6
51820,20.5
51770,24.2
51800,24.9
51710,24.7
51041,36.7
51059,61.8
53047,18.3
53037,33.0
53005,32.1
53011,28.1
28065,12.7
28071,36.7
28087,20.0
28157,8.2
28123,11.5
28163,9.9
28011,17.9
28113,14.5
28131,11.0
28069,8.2
01037,5.3
01045,17.5
01065,11.7
01055,15.1
01049,10.2
01053,11.4
01075,10.7
01111,11.8
01013,13.3
01097,20.1
01105,7.1
01127,10.8
01029,8.5
01035,8.4
01063,7.2
01005,12.9
01007,9.2
01011,10.8
01015,16.7
01025,11.1
01057,12.7
01095,16.5
01009,11.5
01089,41.8
01001,23.9
01061,10.3
01131,9.3
02060,18.6
02150,16.9
02050,8.9
02270,3.4
02220,28.9
02130,22.4
02170,19.2
02070,12.1
02100,26.3
02110,35.7
02164,11.3
02290,8.0
02020,31.0
02068,21.3
02261,18.8
02105,29.6
02230,34.3
02275,17.5
02195,25.4
04013,31.3
04007,18.3
04023,22.6
04025,26.1
04003,23.8
04015,12.3
04005,31.8
04011,13.1
04017,14.5
05099,14.8
05037,9.5
05039,10.5
05027,21.9
05121,14.0
05141,12.6
05065,12.1
28133,9.2
28001,14.1
28033,19.7
42045,36.0
42111,14.1
29123,6.2
29217,15.3
29147,20.4
29041,10.2
29223,10.6
29201,12.2
29011,14.9
29039,13.5
29073,14.1
29121,14.8
29149,8.7
29186,11.8
29067,7.2
29083,14.1
29109,15.9
29169,21.5
29215,10.0
29027,19.3
29053,15.0
29075,16.3
29133,9.0
29153,12.3
29017,10.2
30071,18.8
31009,11.2
31049,21.6
31113,21.0
31169,17.2
31001,21.0
31011,13.5
31149,20.6
31163,12.4
31093,17.9
31073,18.7
31153,37.7
31015,18.9
31059,19.0
31091,20.7
31159,26.4
31181,16.5
31023,12.8
31005,23.0
12033,25.5
12053,16.7
12057,30.4
12091,30.9
12123,8.8
12129,15.5
13187,28.9
13189,13.7
13201,10.5
13211,22.2
13149,10.0
13219,45.4
13095,17.5
13111,15.5
13151,24.8
13153,24.5
13175,13.5
13183,13.0
13255,14.5
13257,16.0
13271,7.1
13293,12.0
13303,9.6
13225,18.6
13229,12.5
13295,14.3
13231,15.3
13251,10.8
13267,8.4
13135,35.4
13049,8.6
13015,16.5
13097,21.6
13161,7.8
13141,9.2
13037,6.5
13285,19.3
13021,22.6
13197,12.4
13249,10.7
13023,14.7
13109,15.0
13119,11.6
13103,16.2
13171,13.6
13107,9.1
13239,7.6
13159,12.1
13173,11.0
13179,17.9
13205,9.5
13253,13.9
13289,10.2
13233,10.4
13269,6.2
13275,16.6
13279,15.7
13209,12.6
13221,15.1
13247,24.2
13305,10.7
13309,6.1
13009,16.1
36103,33.4
36121,11.7
36075,16.3
36117,20.8
36007,26.4
36029,31.6
36105,19.5
36071,27.5
37087,24.4
37067,32.4
37017,8.5
37031,23.0
37015,8.2
37117,10.4
37143,16.9
37157,11.3
37029,18.5
37071,18.4
37125,34.1
37167,14.4
37199,16.5
18115,13.1
18119,10.2
05083,10.6
05063,14.1
05079,5.5
05053,14.9
05035,13.6
05047,13.0
05045,26.4
05109,11.2
05069,14.5
05089,11.8
05097,13.9
05127,9.6
05129,10.3
05131,20.6
05033,14.8
05007,31.5
05017,9.7
05059,12.7
05071,16.1
05077,4.1
05087,8.6
05049,9.1
05061,13.9
05093,12.6
05117,8.8
05139,16.8
05023,19.0
05025,14.0
05057,13.2
05135,10.6
05143,30.0
05003,11.0
05031,23.8
05073,13.0
05105,14.9
05111,8.7
05133,6.8
05013,10.5
05011,11.0
05075,9.9
05113,10.7
05029,15.2
05101,11.4
05081,7.9
05085,18.4
05091,9.3
05123,9.5
05145,18.8
06047,12.3
06043,19.4
06115,13.2
06013,40.3
06035,9.9
06099,15.7
06097,31.5
06103,13.7
06051,30.7
06069,18.7
37009,18.5
37037,36.2
37101,18.3
37145,11.5
37107,14.1
37133,16.5
37161,16.4
37197,12.5
37023,15.8
38097,26.5
38021,24.8
38101,23.1
38067,16.3
38041,15.8
38017,36.0
38029,12.6
38077,20.0
38001,22.5
38027,16.9
38057,20.1
38073,18.5
38085,12.5
38033,20.9
38095,19.1
38023,24.3
18007,15.2
18121,16.0
18135,10.3
18183,18.3
18013,18.7
18023,11.9
18133,13.4
18161,16.7
18175,12.1
18027,12.0
18029,15.9
18065,13.0
18083,14.7
18093,14.1
18095,16.1
18123,9.8
18125,9.9
18131,10.7
18151,20.0
18171,16.5
18179,16.2
18031,13.8
18035,22.7
18077,18.7
18079,9.8
18103,9.9
18109,15.3
18111,10.0
18141,28.0
18085,21.7
18155,7.1
18163,23.5
18015,15.0
18105,45.1
18045,11.2
18149,11.2
18025,9.5
18055,12.8
18097,28.0
19011,18.8
19061,26.1
19071,20.7
19151,16.7
19173,13.3
19177,12.3
19159,17.5
19003,14.0
19009,16.2
19039,13.6
19051,14.8
19093,16.3
19103,49.4
19135,16.5
19179,15.0
19167,25.4
19025,15.2
19027,17.4
19033,21.9
19073,17.7
19083,20.7
06091,17.2
06067,28.4
06017,33.9
06053,22.1
31067,20.7
31099,22.4
31119,21.7
31137,19.8
31179,34.1
31107,17.8
31121,13.1
31133,14.2
31183,13.4
32015,8.8
32009,13.8
32021,9.7
32017,19.6
32031,28.3
32510,21.9
33013,31.6
33001,28.7
33017,32.0
34025,43.4
34037,32.9
34013,31.9
34015,28.9
34031,26.6
34003,47.5
34041,29.2
34005,35.6
35029,12.8
35055,27.7
35007,22.3
35021,17.7
35037,12.2
29103,14.1
29139,9.7
29207,13.2
29007,11.4
29077,28.2
29185,11.1
29197,9.6
29029,21.7
29099,16.8
29143,10.4
29173,13.5
30017,17.5
30075,21.4
30085,10.2
30051,22.8
30083,16.7
49017,23.9
19117,12.5
19119,19.8
49015,13.7
51093,26.9
51620,21.8
51678,51.2
51089,11.8
51101,15.4
51109,18.5
51147,20.5
51165,22.9
51181,15.0
51043,35.3
51117,12.8
51015,19.6
51075,40.2
51113,22.0
51161,33.6
51025,9.2
51131,20.0
51163,22.1
51720,24.0
53039,21.1
53027,14.7
53069,13.5
53025,15.8
53061,29.8
54089,11.3
54025,17.4
54057,13.4
54041,14.4
54075,13.1
54083,17.3
54105,10.5
54015,7.5
54061,37.7
54103,8.9
54039,25.9
54077,11.3
54085,8.1
54043,7.6
54007,8.8
54005,7.3
54109,6.8
55033,25.7
55043,18.3
55117,22.2
13011,11.8
13031,27.3
13059,39.2
13061,6.2
13101,4.8
13127,27.4
13089,39.7
13143,10.9
13157,17.9
13163,7.0
13169,16.3
13181,10.4
13213,8.3
13215,24.0
13235,9.9
13241,28.2
13259,5.0
13281,24.5
13283,13.6
13287,5.6
13003,5.1
13001,13.6
13025,4.4
13017,10.6
13047,19.3
13055,7.6
13073,37.1
13115,17.8
13117,47.5
13147,12.6
13185,22.5
13199,9.3
13237,18.5
13261,18.5
06073,35.9
06107,12.3
06113,38.6
06023,26.0
06057,34.7
06003,26.8
06039,13.7
13043,17.2
13301,10.4
13007,8.2
13035,7.4
13045,17.9
13099,12.6
13081,14.4
13077,27.1
13067,44.2
13083,14.3
13317,17.6
13027,8.2
13129,14.5
13105,11.7
13113,44.4
13165,11.3
13217,17.5
13133,28.8
13071,11.7
13085,28.2
13063,15.0
13139,22.4
15003,31.7
15009,23.9
15005,53.3
16071,14.4
16045,17.4
16085,33.7
16003,19.2
38081,18.2
39105,8.9
39021,14.5
39057,40.9
39087,13.8
39115,9.9
39175,12.7
39043,21.0
39091,14.5
39153,30.8
39149,14.4
39171,12.5
39029,13.1
39051,15.0
39053,12.8
39099,21.9
39145,14.5
39117,12.2
39135,10.9
39003,16.5
39033,12.0
39059,11.6
39107,15.6
39023,18.1
39093,22.1
39113,26.2
39165,39.9
39007,13.0
40071,21.0
40035,13.0
40017,25.2
40077,12.2
19189,21.0
19147,17.2
19165,15.4
19007,17.2
19087,17.9
19095,20.8
19099,16.0
19145,16.1
19191,25.2
19157,25.5
19155,18.7
06037,30.2
06045,21.0
06087,36.6
06105,23.3
06065,21.2
06071,18.0
06085,49.5
06041,53.5
06061,37.5
06093,24.4
06089,19.8
06095,22.9
06015,13.5
06021,13.4
06007,25.7
06063,24.6
06079,31.6
06029,14.7
06111,32.3
06009,21.2
06081,44.2
06109,18.2
06005,20.0
08095,19.4
08031,43.0
08061,20.6
08009,14.5
08047,22.6
08063,14.2
08051,51.2
08059,42.0
08091,53.0
08103,19.1
08123,24.3
08021,21.1
08023,18.8
08035,59.4
08037,45.0
08067,42.3
08081,12.8
08105,18.6
08011,5.4
08025,8.6
08111,22.2
08057,14.8
08075,13.6
08083,27.4
08119,30.7
08013,59.0
08071,16.9
08073,10.4
08107,44.4
08003,21.5
08019,41.2
08043,13.2
30101,13.2
30019,22.2
30045,29.2
40007,16.4
40139,16.9
40127,11.1
40069,16.6
40063,9.2
40031,20.8
40001,11.6
40137,19.1
40019,16.9
40055,8.7
40091,12.6
40099,16.9
40115,13.4
40145,21.2
40015,14.3
19017,27.5
19127,19.1
19043,14.4
19015,20.5
19021,18.0
19089,9.6
19063,13.3
19077,16.3
19081,18.5
19121,19.8
19125,23.1
19197,17.0
19029,22.1
19047,11.8
19065,16.2
19085,17.9
19129,24.9
19133,13.1
19143,14.1
19187,17.9
19169,49.9
19013,26.1
19075,18.2
19105,13.9
19131,14.7
19137,16.9
19161,17.2
19123,21.1
19019,15.3
19045,18.2
19053,17.9
19101,33.9
19005,15.7
19113,32.3
19049,44.5
19141,18.9
20187,19.2
20119,20.3
20125,17.1
20151,27.7
20153,24.0
20003,17.7
20053,17.9
20061,17.6
20057,15.8
20167,21.2
20117,14.0
20001,14.6
20023,18.1
20035,16.6
20049,15.6
20059,19.5
20083,22.7
55078,15.0
55011,15.6
55063,29.9
55073,21.7
55121,16.3
55027,13.2
55125,24.8
30021,15.3
30023,16.4
30055,12.4
30087,18.8
30007,24.7
42023,14.1
42017,37.8
42077,29.1
42031,17.8
42059,15.8
42079,21.5
42037,21.5
42065,13.5
42099,15.3
42113,13.6
44003,31.6
44009,43.3
45071,18.4
45027,12.5
45085,16.8
45011,9.9
45031,15.9
45091,29.0
45021,13.8
45053,13.4
45061,7.2
45001,11.3
46085,17.2
46039,20.1
46009,14.9
46047,22.6
46071,12.8
46069,19.4
46067,23.6
46017,6.9
46041,8.1
46063,27.3
46109,14.6
46083,41.0
46081,28.8
46005,19.6
46035,28.2
46073,16.1
55039,19.2
55071,18.2
55013,16.1
55029,30.2
55091,15.8
55103,14.5
55137,13.6
55065,14.5
55093,24.3
55015,26.3
55059,24.5
56019,24.9
56021,26.3
56039,47.5
51570,20.3
51021,13.3
51023,25.3
51520,20.8
51830,51.3
51035,9.2
51191,23.8
51139,10.9
51510,62.1
51650,22.6
51013,72.4
51027,7.0
51179,40.1
51760,35.1
51057,14.5
51185,11.6
51685,23.6
51183,5.7
51683,29.1
51775,32.2
51037,10.8
51081,6.9
53067,34.0
53013,20.9
16069,20.9
16053,11.8
16055,24.8
16061,17.6
16067,10.7
16083,18.1
16073,7.9
16013,45.0
16015,24.7
16021,15.1
16023,16.3
16029,20.7
16047,10.2
16001,38.3
16005,26.9
16007,20.5
16011,17.5
16019,30.3
16025,23.5
16035,13.6
16051,23.3
16059,26.0
16075,16.7
16017,21.8
16037,28.5
16039,16.4
16065,36.6
16079,14.6
16081,37.7
16087,14.9
17067,18.0
17063,19.3
17091,16.5
17043,48.3
17003,7.2
17129,20.1
17099,15.5
17031,34.9
17115,23.5
17137,20.0
17191,10.4
17203,27.0
17055,12.9
17109,34.7
17111,32.4
08101,21.2
08085,25.4
08087,12.7
08093,31.2
08109,24.1
08077,25.0
08099,15.9
08053,36.6
08041,36.3
08121,16.8
08049,32.1
08005,40.2
08089,14.9
08014,52.2
10003,34.1
17163,25.8
17139,15.0
17145,11.5
17151,11.2
17173,14.9
17019,42.9
17013,11.4
17053,16.0
17085,22.0
17093,31.9
17101,6.7
17121,12.4
17125,10.5
17075,14.9
17025,10.9
17059,11.6
17133,27.1
17143,30.5
40101,17.7
40013,20.7
41029,25.2
41023,19.3
41005,33.0
41057,19.9
41033,18.4
41059,14.8
41009,16.7
41065,20.7
41039,27.6
41067,41.5
41007,24.2
48407,13.1
48459,14.0
48473,18.3
48493,15.1
48219,13.5
48329,25.8
48299,31.7
48147,13.9
48041,40.1
48165,9.5
48179,13.6
48237,9.1
48035,15.6
48029,27.0
48023,21.4
48121,41.7
48167,28.6
48393,33.0
48463,14.6
48037,17.9
48263,22.5
48425,27.6
48199,13.8
48289,17.4
48351,5.8
48389,10.2
48453,45.3
48087,18.6
48143,25.5
09009,33.6
10005,22.6
10001,21.7
11001,54.4
09005,32.2
09003,36.2
09011,30.9
09013,35.8
09001,46.8
12031,26.7
12007,9.1
12019,23.2
12067,10.9
12089,25.4
12103,29.9
12111,19.7
12051,8.8
12061,28.2
12099,34.8
12109,43.4
12086,26.6
12035,25.3
12037,13.4
12047,8.7
12077,12.9
12119,29.4
12039,14.5
12059,9.9
12071,26.8
12083,18.8
12021,36.4
12093,9.3
12101,21.5
12055,16.8
12121,11.1
12027,8.5
12013,5.7
12023,12.7
12029,7.0
12107,11.6
12125,8.0
12081,29.1
12075,11.1
12003,9.8
12127,21.8
12073,44.3
12079,7.7
46055,17.5
46093,20.4
46013,24.8
46087,23.8
46101,22.4
46121,14.2
46097,21.7
47165,25.3
47169,10.2
47027,11.3
47157,29.3
47077,12.3
48213,16.3
48345,16.1
48083,14.0
48325,18.7
48277,16.3
48267,19.2
47037,36.5
47089,14.2
47153,12.1
47017,14.7
47135,14.9
47121,6.6
47075,10.1
47125,23.2
47061,8.9
47029,8.8
47041,12.2
47101,12.3
47131,13.9
47167,14.9
47045,20.9
47065,29.4
47139,10.7
47185,10.4
47163,22.2
36095,18.5
36035,14.5
36083,28.0
36033,15.6
36081,29.9
36115,16.8
36061,59.5
36011,18.2
36087,40.4
36063,22.5
36031,20.8
36059,42.5
36097,15.9
36017,15.1
36045,19.1
17201,21.8
17147,25.1
17153,7.9
17169,15.6
17175,17.9
17045,17.9
17005,18.0
17007,18.7
17011,16.6
17015,14.7
17029,24.1
17033,16.4
17083,16.8
17155,13.4
17039,15.9
17051,13.6
17103,15.9
17107,14.9
17117,16.5
17159,20.8
17189,22.0
17135,10.1
17001,19.7
17027,16.4
17047,10.0
17081,16.0
17183,12.8
17199,22.8
17023,18.1
17049,20.2
17057,12.5
17065,13.3
17073,19.2
17087,13.3
17097,43.7
17105,15.8
17171,10.7
17017,13.4
17187,18.1
18069,18.0
18091,16.1
18181,13.6
18073,14.5
18101,10.0
18145,13.9
18137,16.2
18153,10.7
18159,16.5
18167,20.9
18173,28.1
18033,17.6
18005,30.8
18139,14.6
01099,9.9
01079,12.0
01081,33.5
01093,10.9
01107,8.9
01119,16.2
01073,30.8
01023,11.8
01059,10.0
01091,14.7
01113,14.8
01019,12.8
01039,14.2
01041,9.6
01047,12.7
01077,23.4
01085,13.1
01087,16.3
01083,22.5
18001,16.6
18049,12.4
18089,19.2
18113,12.7
18041,10.5
18063,32.0
18037,17.6
18053,14.9
18059,27.4
18067,19.9
48477,22.9
48429,14.7
48003,12.7
48177,14.6
48305,17.9
48505,7.2
48221,27.3
48269,21.4
48073,14.9
48119,16.0
48253,6.9
48249,8.8
48111,10.6
48157,44.2
48235,15.9
48489,7.4
48115,9.0
48051,12.9
48355,20.2
48379,10.6
48385,21.1
48431,29.7
48065,22.4
48161,10.8
48197,19.2
48045,17.9
48291,9.3
48301,0.0
48395,17.2
48401,11.2
48455,9.7
48019,23.3
48075,17.7
48091,33.6
48225,11.7
48349,15.4
48415,12.3
48433,17.8
48021,15.2
48025,7.5
48103,11.9
50021,26.6
50017,28.3
50027,31.1
49049,41.8
49013,15.9
49047,16.6
49011,39.9
01051,20.4
01117,42.0
01133,11.2
01043,15.1
01071,11.8
01121,11.7
01129,7.4
01027,6.3
01103,20.8
01021,12.8
01033,16.8
27141,23.3
27159,12.7
27009,18.9
27019,45.9
27047,13.9
27061,20.7
27085,18.7
27121,20.0
27123,39.4
27149,24.7
27151,14.3
27169,27.9
27033,16.0
27139,37.6
27039,22.7
27157,18.8
27117,16.9
27035,23.0
27107,13.5
27171,26.3
27103,31.6
27051,15.6
27069,20.8
27087,11.3
27127,14.2
27173,15.9
27007,26.9
27013,28.0
27073,16.8
27077,16.6
27161,20.0
27003,26.0
27145,23.7
27081,16.2
27083,26.3
27095,14.9
27129,14.6
27017,20.7
27031,38.9
28103,8.5
28137,15.4
28107,14.4
28161,14.1
28029,12.0
28049,25.0
28145,13.2
28139,9.7
28035,25.7
