fips,inc_2018
04009,51352
02195,66907
02158,35539
04013,61606
04023,40467
04012,33333
04015,43266
04005,57616
04025,50180
04011,60962
04021,55550
05099,37635
05037,43838
05039,36628
05027,36148
05125,62152
05141,36897
05065,40218
05063,43523
05083,39748
05053,51920
05047,39463
05109,37406
05069,38289
05097,37855
05127,35509
05131,43240
05033,46619
05017,33051
05071,37170
05077,28367
29029,52087
29099,63030
29143,35399
29173,55546
30017,55841
30075,52457
30085,42904
30051,47419
30083,67272
30101,46823
30019,54750
30045,45764
30023,41783
30055,47500
30087,56549
30021,59820
30007,56469
30071,46222
31009,50870
31049,48500
31113,51607
31169,50734
31001,51536
31011,54063
31149,52604
31163,51172
31093,54399
31073,62545
47153,51750
47157,49782
47077,42430
47089,47264
47017,40810
47037,56507
47135,34634
47121,43250
47075,38362
47125,55972
47061,36987
47029,33614
47041,44134
47101,37139
47131,39866
47167,60167
47045,43762
47065,53035
47139,41818
47185,40745
47163,43442
36095,53989
36035,50248
36083,65851
36033,51696
36081,64987
36115,54114
36061,82459
36011,56579
36087,91108
36063,54085
36031,56196
36059,111240
36097,51479
36017,50595
36045,52268
36103,96675
36121,57914
36075,53597
36117,55765
36007,50859
36029,55673
36105,56256
05011,39510
05073,32412
05107,29263
05149,42361
05113,37035
05103,34887
05081,45388
05091,41903
05145,43822
06033,42475
29065,39916
29129,44085
29229,32752
29047,68367
29195,43201
29227,52500
29079,42574
29141,37727
29179,40929
29189,65300
29209,46443
29009,41463
29019,54043
29051,57587
29055,38036
29093,37188
29117,47885
29135,54828
29155,33390
29159,44382
29203,32180
29175,46610
29069,34186
29071,55312
29089,50372
29095,52805
29131,42718
29171,37367
29213,41487
29021,50457
29025,48033
29037,67659
29049,58510
29059,41551
29085,36190
29113,61628
29137,43973
29145,49023
29163,45753
29183,81411
29031,51730
29205,44051
29225,47421
29005,48385
29013,46186
29015,38028
29035,39415
29057,39979
29115,43642
29091,36143
29101,53056
29105,46192
29125,44436
29161,42846
29165,76912
29187,45774
29510,41107
29003,55683
29023,39058
48475,64630
48013,55265
48353,44346
48229,29318
48203,51202
48327,40606
48149,56297
48491,83679
48233,50651
48343,42961
48361,55700
48495,59167
48201,60146
48053,59238
48171,58325
48113,56854
48311,68750
48503,47194
48251,62066
48223,51877
48357,49928
48275,46146
48309,48199
48095,43355
48137,40313
48133,35325
48243,53194
48247,32049
48339,77416
48127,27832
48479,42293
48011,66563
48069,45000
48273,42021
48097,57646
48107,37899
48151,46827
48131,37382
48031,63071
48241,46088
48245,48463
48271,31468
48359,63315
48279,43396
48295,57372
48307,45329
48319,40708
48125,41618
48287,55000
48439,64874
48001,43355
48139,72213
48239,60276
48265,52473
48331,47081
48093,47893
48145,38032
48047,27378
48015,65365
48261,36125
48089,49504
31091,39115
31153,79549
31015,50729
31059,55625
31159,67591
31181,42298
31023,55562
31005,43854
31067,51662
31099,56952
31119,52857
31137,57241
31179,62623
31107,49752
31121,54197
31133,46314
31183,52083
32015,93583
32009,40000
29127,46762
29033,42149
29061,50380
29087,45610
29151,58476
29181,33343
29219,57948
29221,39621
29043,57019
29063,50000
29081,40168
29107,54661
29001,40046
29199,42965
29211,42604
29045,47955
29097,46929
29111,47764
29119,42019
29157,54964
29167,44892
29177,59857
30041,47141
30015,40942
30053,38287
30067,49194
30103,42292
30005,38083
30097,49514
30099,51862
30079,47250
30035,31029
30025,60750
30037,39952
30093,42237
30095,63785
30043,66867
30039,48958
30107,41186
30057,50247
30091,54321
30011,44196
30003,46365
30047,45488
30049,62130
30073,45458
30111,59117
30063,51270
30081,48930
30105,55882
30013,48160
30027,50327
30033,45893
30061,41905
30069,44688
30077,49652
30089,36984
30109,50202
30031,61499
48413,55677
48409,55229
48381,67397
48411,44698
48507,30988
48057,55469
48155,46354
48175,60492
48193,47500
48335,49670
48449,46698
48285,53021
48445,44975
48497,61709
48321,45500
48371,52282
48397,94767
48441,50818
48447,44196
48471,41855
48499,48534
48007,44865
48079,42798
48081,45551
48099,51440
48211,63778
48341,51527
48375,43157
48405,35509
48417,45187
48427,29294
48461,52257
48049,45457
48191,32921
48159,52944
48163,42476
48281,58194
50019,47915
50013,69583
50007,69896
50015,60365
50011,64258
50005,49348
50025,52659
50003,53040
50001,65093
50009,41045
50023,62108
49027,60445
49045,71020
49053,56877
49025,48269
49043,100453
49019,48673
49031,39440
49033,49886
49051,77449
49001,54212
49003,59937
49021,46809
13005,36964
13025,37031
13017,32705
13033,42773
13047,55125
13053,46453
13055,36107
13073,76938
13087,39148
13115,46367
13117,101743
13137,49140
13147,41358
13185,41390
13191,47114
13199,36351
19125,58492
19183,61769
19197,50198
19029,48178
19035,54658
19047,53609
19057,49977
19065,50015
19085,60063
19109,54146
19129,69177
19133,45252
19139,57348
19143,58125
19153,66044
19187,44261
19169,54554
19193,55483
19013,52688
19075,66965
19105,56012
19131,55553
19137,47648
19161,54958
19149,64296
19019,61409
19045,50156
19053,42614
19101,43378
19005,51057
19113,64862
19049,84790
19141,53045
20187,46726
20119,55568
20125,45173
20151,54029
20153,48125
20003,46274
20053,48188
20061,49185
20057,53072
20167,52806
20117,50234
20001,42679
20023,46833
20035,48087
20049,38494
20059,55486
24027,117730
24033,81969
24003,97810
24005,74127
24021,91999
24009,104301
24023,49619
24029,56009
24031,106287
24013,93363
24035,92167
24037,90438
24017,95924
24019,52145
24043,59719
24045,56608
24015,72845
24011,54956
25025,64582
25007,71224
25017,97012
25005,66157
25013,53403
25009,75878
25011,59522
25027,71895
25015,67044
26033,44483
26115,61514
26125,76387
26059,48392
26121,48329
26089,63831
26087,58952
26151,45277
26083,49779
26131,38906
26139,67468
26001,39735
26067,54343
26079,46004
26021,49135
26129,40150
26165,44166
26039,47443
26043,48966
26063,46320
26065,50940
26105,49663
26109,45508
26113,44766
26149,50117
26159,52351
26011,40769
26015,61016
26071,38918
30029,52966
30059,43109
30009,57538
30001,44809
30065,41612
31083,50344
31185,59779
31019,56952
31037,56528
31087,42902
31141,62617
31143,61962
31013,56412
31017,41550
31161,41719
31109,58009
31129,42049
31007,59625
31063,51855
31055,61688
31147,48096
31089,57468
31065,47989
31151,51143
31173,48149
31177,70753
31031,53684
31053,53101
31069,44471
31123,45121
31127,51922
31171,50682
31043,55017
31003,48716
31029,55833
31035,56316
31041,49891
31061,49235
31081,64042
31095,43295
31101,48901
31115,53125
31135,62469
31155,66718
31157,50157
31103,49688
31105,43856
31111,56794
31139,56620
31165,46875
31021,51482
31025,71139
31039,55190
31051,56775
31057,44350
31075,39479
31077,47128
31079,54742
31085,45515
49037,44680
49039,51720
49041,53020
49057,64636
49035,71230
49009,81250
49055,44694
49007,50278
49029,89274
49005,56840
49023,62237
51095,83048
51167,39482
51173,40425
51540,58933
51031,50258
51087,68572
51099,87321
51103,50739
51105,32718
51115,67009
51119,51917
51149,67001
51159,49831
51169,39144
51177,85330
51011,56176
51067,52639
51097,54516
51121,54641
51127,79698
51049,46221
51051,29226
51083,42289
51107,136268
51153,103445
51175,54611
51091,46147
51033,64715
51073,66701
51141,40486
51145,83914
51171,54921
51061,97469
51790,48049
51065,74931
51007,58526
51750,36743
51840,53797
51001,43210
51045,55484
51063,49729
51071,52478
51077,33969
51135,42869
51157,68438
51036,59192
51047,73116
51053,55880
05041,30234
05049,36184
05061,35900
05051,43146
05093,37237
05115,41914
05117,41846
05139,44000
05147,31023
05023,43391
05025,42460
05067,33174
05057,41355
05135,33708
05137,36162
05143,49629
05005,41481
05003,39635
05031,45868
05055,47497
05105,46071
05111,39277
05133,46667
05013,44022
05019,39752
05075,38528
05095,35190
05029,41196
05101,39896
05001,39466
05085,57509
05015,43505
05123,35356
05119,50093
06047,50129
06043,51199
06049,45149
06013,93712
06027,52874
06099,57387
06083,71657
13265,31797
13207,54050
13237,51245
13261,36205
13301,34730
13029,71322
13035,41845
13039,56397
13079,43257
13099,31567
13069,38266
13077,70717
13123,49389
13297,58370
13317,35106
13091,35757
13129,44313
13057,79670
13113,87272
13177,65420
13227,64512
13133,49755
13075,38408
13085,65805
13121,64787
15001,59297
15003,82906
15007,78482
15005,61875
16031,50918
16063,48222
16085,55299
16041,56613
16069,54174
16055,54457
16067,50663
16083,50778
16013,51968
16015,53942
16023,42250
16047,48638
16001,63137
16007,54265
16011,51288
16025,38393
16035,42348
16051,60162
48225,34297
48349,47920
48415,55889
48433,48000
48021,62941
48025,42032
48103,70398
50021,54973
50017,60159
50027,58303
49049,70408
49013,63919
49047,66736
20185,48563
20083,53854
20089,42552
20159,50764
20139,55036
20031,58636
20037,40174
20073,42595
20099,47668
20173,54974
20157,48022
20065,40769
20045,55832
20179,56071
20069,64426
42023,41485
42017,86055
42077,62178
42031,45625
42059,54121
42079,51646
42037,49889
42065,46818
42099,62266
42113,47346
44003,70223
44009,81301
45071,42765
45027,37525
45085,43792
45011,36566
45031,36254
45091,62431
45021,35836
45053,41930
45061,31651
45001,36685
46085,53263
46039,57930
46015,50839
46053,44479
46099,60028
46025,47798
46077,59375
46027,43189
46041,43954
46065,63564
46111,54899
46059,52438
46135,54694
46005,51700
46035,47772
46073,49519
46117,71763
46107,53600
46023,46389
46091,63594
46105,56850
26055,61485
26019,56639
26153,40747
26163,45321
26097,46507
26049,47006
31045,51748
31131,54828
31145,46859
31027,58978
31097,52794
31033,56538
31047,53769
31071,48545
31117,48882
31125,45833
31167,62687
31175,55170
32001,51514
32005,62503
32027,50846
32011,77625
32013,70373
32033,62993
32007,77209
32023,45711
32029,62284
32003,56802
32019,55493
33005,63057
33009,63153
33015,90429
33019,60780
33011,78655
33007,45696
33003,61116
34021,79990
34011,52593
34035,111772
34029,68021
34001,59989
34023,85954
34033,64309
34009,63690
34007,67118
34039,77095
34017,66289
34019,112535
34027,111316
35023,36339
35031,31674
35043,59420
35017,37880
35009,46182
35015,62982
35033,26968
35045,50582
28009,35974
28037,40810
28027,30009
28061,35931
28067,41263
28147,29804
28095,40940
51137,68481
51079,64979
51085,88652
51111,41868
51595,30857
51197,48043
51550,75790
51660,43893
51003,75394
51019,61541
51029,46261
51195,38345
51580,39432
51740,50224
51810,74186
51005,47794
51640,31938
51193,54268
51133,58677
51155,52638
51187,68189
51590,36301
51630,63274
51009,49170
51017,46137
51670,40497
51700,51884
51069,73250
51680,43374
51199,90367
51690,33224
51125,62446
51143,45382
51530,34273
51610,124796
51730,36135
51735,96831
51600,111574
51820,45738
51770,43028
51800,70664
51710,49146
51041,80214
51059,121133
53047,45808
53037,55193
53005,65650
53011,71636
53003,50423
53001,49142
53023,52525
53045,55726
53057,62865
53065,49200
53063,54852
53043,50744
53007,56135
53031,54471
06017,80582
06051,63018
06069,81977
06067,63902
06053,66676
06075,104552
06073,74855
06107,47518
06023,45528
06003,64688
06039,52884
06087,78041
06105,38497
06065,63948
06071,60164
06041,110217
06061,84357
06089,50905
06095,77609
06011,56704
32021,41163
32017,56414
32031,61155
32510,52034
33013,72478
33001,68368
33017,70650
34025,95699
06103,42899
34037,90520
34013,59302
34015,85160
34031,66476
34003,95837
34041,78145
34005,84992
35029,27377
35055,36758
35007,33783
35021,30875
35037,27075
28103,36000
28137,51056
28107,36563
28161,41864
28029,40361
28049,43005
28145,41287
28139,39839
28035,40675
28071,47132
28087,45355
28157,26599
28065,30083
28123,33735
28163,31402
28011,29912
28113,30910
51620,40375
49015,52055
49017,52337
51093,71376
51678,36466
51089,36683
51101,68720
51109,59343
51147,46189
51165,59817
51181,54844
51043,77936
51117,42025
51015,61305
51075,89741
51113,54197
51161,65467
51025,41927
51131,43553
51163,54805
51720,28071
51570,53716
51021,50511
51023,68410
51520,37904
51830,56163
51035,43532
51191,46262
49011,79690
51139,47951
51510,96733
51650,54550
51013,117374
51027,30806
46102,30347
46121,24257
28089,71690
28115,41379
28051,21093
28005,31854
28013,36440
28091,31446
28141,37312
28153,37970
28041,49447
28093,41572
28119,25510
28109,45820
28079,33482
28099,36875
28121,64557
28151,30834
28077,42290
28111,39007
28017,35939
28015,43060
28039,48319
28043,36877
28063,20188
28101,33831
28117,37519
28125,28799
28019,37203
28045,47543
28057,40510
28055,25776
28059,51142
28083,26052
28143,37822
28021,26732
28047,45566
28075,41704
28085,40355
28127,37946
28159,36214
28007,34756
28073,58188
28081,47978
28135,30028
28129,41657
28149,43039
28023,39246
28097,33667
28105,38800
28155,40683
28003,40180
28025,35121
28031,35931
28053,28507
42043,58916
37005,37558
37027,42072
37035,51157
53055,60711
53033,89418
53049,44846
53051,48583
53059,58598
53075,42163
53077,49871
53009,49913
53015,51752
53019,41924
53041,50216
53017,60452
53029,64809
53053,67868
53021,62002
53071,56533
53073,59285
54023,41071
54027,40099
54009,49772
54017,46449
54031,47186
54049,48605
54059,31305
54029,45580
54051,43918
54067,38468
54093,45655
54095,41108
54087,34300
54091,47205
54107,45958
54021,35810
53035,71610
54053,40347
54063,36493
54073,48563
54011,38321
54037,76503
54045,38123
54071,41210
54033,50433
54069,48418
54013,37610
54065,50661
54081,42296
54079,59626
54001,39580
54047,26547
54099,36875
54035,44783
72147,15539
72151,16013
72003,16347
72025,25006
72029,20673
72041,19949
28033,65169
28069,28176
28133,30029
28001,29203
42045,71539
37067,50128
37017,32378
37031,54428
28131,44883
37077,55628
37045,40393
37049,50870
37065,35516
37085,51630
37093,47535
37089,52815
37095,45466
37097,58198
37119,64312
37131,35499
37147,44315
37159,48667
37181,37282
37039,40294
37053,66284
37179,75397
37193,40829
37127,48362
37003,44961
37055,58012
37185,35962
37195,42850
37073,52205
37075,36525
37115,42410
37137,44947
37149,48834
37151,45006
37169,46169
37187,35512
37043,38801
37051,45716
37081,51072
37099,44028
37139,48279
37155,33679
37173,36773
37183,76956
37007,39126
37111,40913
37069,53175
37103,36892
37113,43597
37019,54406
37175,46629
37013,43688
37047,36398
37109,53318
37123,42346
37135,68211
37153,36091
37163,39068
37171,41068
37011,38134
37021,50668
72019,15970
72043,19833
72051,29667
72089,20829
72107,13319
72129,18821
72011,19379
72037,19103
72039,15071
72045,12812
72071,16748
72073,15424
72081,14540
72085,21792
72127,22146
72143,18895
72093,13262
16059,37921
16075,50289
16009,46507
16017,48710
16033,35341
16037,39957
16039,46715
16043,53311
16065,36031
16079,39091
16049,39113
16081,68818
16077,49985
16087,37206
17067,51549
17119,57890
17063,74140
17091,57981
17131,58011
17043,88711
17003,34709
17129,69102
17099,56243
17031,62088
17115,50444
20199,58875
20017,46295
20189,56507
20183,43438
20067,55455
20085,55904
20095,58483
20109,51597
20131,58644
20149,64657
20209,44873
20021,41103
20015,63272
20027,56186
20105,46196
20169,50515
20191,54915
20195,56810
20197,60450
20205,46208
20123,45221
20141,48355
20005,48667
20055,56573
20075,45000
20103,71184
20201,48889
20203,57566
20129,43925
20137,49891
20009,50198
20029,44143
20047,49293
20101,51719
20165,40598
20115,51262
20133,44294
20143,51971
20161,49910
20007,50613
20041,48167
20087,61793
21089,49343
21069,42213
21043,33067
21081,45610
21111,54357
21141,43842
21161,41415
21191,52620
21201,38864
21215,77738
21011,40837
21007,44350
21021,43274
21087,37374
21095,26324
26009,52589
26061,42852
26093,80897
26069,42102
26085,34631
26101,47172
26119,42305
26141,46439
26051,43290
26077,54431
26107,44460
26103,50771
26123,46724
26133,42689
26137,52645
26025,47426
26031,46161
26095,42255
26081,60351
26145,46919
26155,54742
26017,48005
26029,53207
26041,46490
26047,54055
27071,47129
27097,54962
27113,59036
27147,62731
27167,54935
27001,45989
27043,52286
27101,57500
27067,59089
27075,59516
27133,59890
27135,59644
27155,48784
27005,59278
27053,74113
27015,57728
27023,54552
27029,46291
27049,64765
27059,72473
27063,57010
27099,53665
27115,49138
27109,74880
27159,45860
27009,56357
27047,52447
37057,47271
37025,64174
37033,43961
37059,57611
37061,38850
37063,58190
37091,37005
37105,48873
37129,52716
37141,52989
37191,42192
37165,35617
37189,45268
37083,34251
37001,45735
37177,35472
38089,75708
38103,57989
38013,74931
38061,70678
38105,86575
38007,92604
38043,57734
38019,67591
38037,50962
38049,62637
38091,65848
38005,44313
38045,59426
38059,67584
38025,70500
38051,50739
38063,48798
38079,39884
38099,54414
38009,59882
38003,57064
38035,51951
38053,80732
38055,65648
38069,48802
38075,68182
38011,65063
38015,69719
38047,58144
38065,68333
38093,57642
38071,57313
38031,60613
38039,52794
38083,49261
38087,63942
39159,82775
39131,43729
39125,51933
39061,54976
39049,58762
17127,42604
17017,51997
18069,52208
18181,55086
18075,44772
18145,59214
18153,46517
18157,51844
18057,94644
18005,59045
18049,49333
18113,55033
18019,54240
18063,78355
18053,42593
18071,49506
18119,48667
18183,61153
18023,52488
18161,48227
18029,65096
18093,52092
18123,51064
18129,62583
18015,56429
18045,49887
18149,48895
18055,49177
19011,65475
19061,61321
19151,49877
19177,47083
19003,49229
19009,50397
06021,47395
06007,48443
06031,53865
06063,53270
06079,70699
06019,51261
06029,52479
06059,85398
06111,84017
06009,58151
06101,56955
06081,113776
06109,56493
06077,61145
06005,61198
08095,50724
08007,50753
08031,63793
08061,39784
08055,36705
08009,37500
08047,75120
08063,51046
08051,54979
08079,61058
08091,62230
08115,45188
08123,70908
08027,44644
08023,30593
08035,115314
08065,46918
08067,64372
08097,71244
08105,38639
08011,34392
08025,37586
08111,46563
08069,67664
08075,48922
08113,64478
08119,65382
08039,96658
08071,41945
08073,49423
08117,77589
08003,39191
08029,44512
08043,46296
17055,41414
17177,48016
17191,49764
17203,71867
17109,43724
17111,84803
17139,59623
17149,42664
17151,40671
17163,53681
17173,51157
17019,51692
17013,54392
17053,51120
17089,76912
17093,91764
17009,58762
17121,46102
17125,45596
17075,51825
17025,48691
17059,42500
17133,81268
17181,49182
17201,52743
17153,33799
17169,46151
17045,51109
17007,66898
17011,55940
17029,44071
17033,49233
17155,65034
17039,55591
17103,57901
17117,53778
17159,48724
17189,59469
51760,45117
51057,52681
51185,40978
51685,80667
51183,45801
51683,78462
51775,57185
51037,39212
51081,44534
53067,69592
53013,51111
53039,54056
53027,47770
53069,54085
53025,54982
53061,82751
54089,36049
54025,39038
54057,46354
54041,39423
54075,39702
21225,42844
21137,39833
21171,34167
21183,42826
21233,40947
48425,53162
48199,59105
48289,44818
48351,40950
48389,58384
48453,71767
48087,42750
48143,48819
48345,43750
48083,43981
48325,61059
48213,45798
48277,43562
48267,42500
48477,56237
48429,45336
48003,74233
48177,53006
48305,43524
48505,31113
48221,59049
48269,65125
48073,46044
48119,46138
48253,45694
21159,35125
48249,42005
48111,51250
48157,95561
48235,54706
48489,29944
48115,44657
48051,56235
48355,55048
48379,49872
48385,34813
48431,59286
48065,70087
48161,48731
48197,42238
48045,42647
48291,49850
48301,81875
48395,54201
48401,52329
48455,40407
48019,53683
48075,40794
48091,75356
27151,48577
27061,53022
27121,58132
27149,58363
27033,53354
27139,97744
27157,65138
27117,52309
27107,55206
27103,65027
39015,52356
39101,45464
39157,51170
39169,56348
39017,63358
39067,48462
39083,55131
39089,62715
39139,47346
39163,42114
39019,52394
39063,55644
39025,64822
39045,66175
39039,57665
39071,43297
39069,59083
39081,44819
39133,56618
39137,62001
39013,49361
39027,51354
39047,46478
39127,48811
39129,62214
39097,65264
39119,45276
39143,51701
39161,52754
39167,48572
39011,61758
39037,52691
39123,57918
39065,48773
39079,45340
39077,51559
39009,37778
39001,36894
39103,74243
39095,46924
39121,47456
39147,49936
39151,52190
39031,44491
39041,104322
39055,79956
39073,50000
39085,63475
39141,48403
39035,48435
39075,62111
39109,57544
39111,43956
39155,45975
39173,59789
39005,52730
40043,50037
40059,50114
40083,62035
40143,53902
40147,52103
19025,50800
19093,55969
19135,49549
19167,67178
19033,52902
19083,53872
19117,50206
19147,52462
19087,52428
19099,55727
19157,53520
19043,52828
19017,68023
19063,48542
19081,61167
19097,54070
19111,48571
19181,74383
19123,52950
19041,47874
19055,61179
19185,45017
19163,58803
20181,52847
20193,57478
20127,50352
20163,50511
20025,50368
20077,49455
20111,44191
20145,42853
20033,56912
19051,58464
20063,48894
20079,56051
20093,51314
20113,57765
20071,51250
20051,52700
20107,43699
20175,47025
20091,84915
20121,69150
20207,34621
20135,51033
20011,40733
20097,51336
20177,55199
20019,38690
20155,49174
20043,49338
20081,53527
20171,71394
20013,48547
20147,48272
20039,44104
21079,49888
21037,59782
21063,33377
21123,41779
21167,50475
08099,40097
08085,48739
08087,51626
08109,34410
08053,52188
08121,49375
08049,70469
08089,34136
08014,89624
10005,60853
11001,82604
09009,67128
09003,72321
37015,33143
37117,39205
37143,45915
37157,42490
37029,63349
37071,49384
37125,57899
37167,49590
37199,39888
37037,63531
37101,56842
37145,48811
37009,40978
37107,38387
37133,49491
37161,40347
37197,42876
37023,42516
38097,62870
38021,60918
38101,67753
38067,64962
38041,56761
38017,62031
38029,51029
38077,61990
38001,54875
38027,51563
38057,79890
38073,61810
38085,40862
38033,56087
38095,53696
38023,60074
38081,67200
39105,43591
39021,57103
39057,67109
39087,44372
39115,41731
39175,52940
39043,52270
39091,55150
39153,55448
39149,61042
54103,42125
54105,40189
54015,35875
54061,49926
54039,45426
54077,48317
54085,44472
54043,37679
54007,42213
54005,38642
54109,40045
72119,22509
72145,19096
72077,18969
72121,16846
72055,13242
72103,19356
72141,16533
72033,18253
72057,16374
54083,41094
40113,47789
40057,41607
40061,39375
40111,42175
40067,37319
40047,51332
40049,45066
40121,45346
40123,49235
40129,47667
40153,58706
40021,40936
40041,39742
40045,52705
40051,58177
40119,40944
40125,47683
40037,49578
40141,40462
40149,52510
40033,51623
40075,38209
40079,39769
40089,35829
40093,54118
40097,48853
40109,52855
40039,48884
40085,52007
40009,48725
40023,32129
40065,45757
40081,49362
40117,47413
40133,38706
40025,46071
40011,50391
40029,40000
40053,56287
40073,60656
40087,64492
40095,45828
40103,53253
40105,41895
40131,62949
40135,38328
40003,59569
40151,56899
40027,62863
40107,38527
40005,38821
41061,48617
41047,56097
41019,45812
41031,50339
41053,58344
41017,63680
41043,52097
41071,59484
21091,52019
21207,36159
21229,50794
21009,40216
21093,53168
21149,50445
21197,36958
21033,44940
21019,46165
21067,54918
21115,37559
21175,34419
21199,37921
21001,39346
21025,26376
21099,37795
21223,47470
21105,40463
21143,50097
21135,31096
21239,62629
21131,30798
21127,31813
21145,44486
21235,36897
21071,31267
21117,61606
21153,29516
21205,37639
21217,39055
21039,39664
21065,31337
22079,44852
22105,46297
22123,36528
22021,32174
22035,21161
22039,32180
22087,46011
22121,60908
22081,33446
22069,27795
22025,38854
22041,35466
22007,44744
22113,50690
22029,31813
23017,47275
23019,49374
23001,51412
23005,69708
23031,65538
23025,42491
24047,61145
24041,67204
25001,70621
25003,56674
25023,85654
39171,49491
21035,40219
21045,34457
21047,41235
21059,49836
21085,37906
21101,45389
01099,30141
01079,44515
01081,48056
01093,35392
01107,37458
01119,23132
01073,51979
01023,34884
01059,40459
01091,32809
01113,40978
01019,41014
01039,40601
01041,39812
01047,31602
01077,46265
01085,30833
01087,32074
01083,56460
01117,75761
01133,38504
01003,55962
01051,59347
01071,39816
01121,41012
01129,40794
01027,41225
01103,49751
01109,34678
41003,58655
41001,43921
41035,43522
41041,46061
41013,44524
41055,48056
41025,41797
41045,42478
41063,44953
41069,33456
41049,55440
41011,43308
41015,46396
41021,42976
41027,62935
41037,36627
41051,64337
42103,64247
42109,57638
42115,53059
42039,49144
42049,49716
42057,51259
42067,52765
42107,49190
42131,59308
42001,64507
42005,49032
42035,49234
42025,53624
42027,58055
42097,47063
42095,67565
42121,47982
42007,55828
42069,50875
42083,46953
42051,44476
42091,88166
42033,47270
42075,59114
42081,52407
42093,57183
42123,48409
42019,68472
42047,51112
42071,63823
42085,48768
42105,42821
42117,50667
44005,77237
44007,55233
44001,75578
45003,50036
45005,24560
45037,49200
45023,40080
45029,36276
26127,46217
25019,105171
26005,59883
26003,46007
26035,37369
26073,44408
26157,47694
26007,41991
26111,59271
26135,40255
26037,67482
26057,44991
26091,53972
26117,47000
26147,55240
26161,69434
26027,53571
26143,40302
26023,50536
26075,51431
26099,60466
26013,42444
26045,62474
26053,38798
27093,61856
27131,65758
27125,56588
27027,65000
27045,59451
27119,57151
27143,62761
27165,51097
27011,51920
27021,50173
27057,55472
27091,53915
27105,54149
27141,85818
27019,97895
27085,61275
27123,62304
27169,55529
27039,71669
27035,54508
27171,81881
01115,54887
25021,99511
01043,42558
01069,45496
01125,52221
01031,53155
01021,45182
01037,38301
01055,44023
01075,36756
01013,39109
01127,41748
01063,21804
01011,32152
17135,50304
17195,53828
17001,51398
17027,65010
17037,61086
17047,49766
17079,54951
17081,47617
17183,45384
17197,83504
17199,49053
17023,54158
17041,54218
17049,56293
17057,50180
17061,46052
17065,56862
17069,43081
17073,57250
17087,50923
17095,43709
17105,56200
17171,53973
17179,62342
17187,49607
18061,57132
18091,51101
18169,50637
18073,59574
18101,51224
18127,68044
18137,56295
18147,56998
21125,39230
21103,51447
21107,45738
21109,32143
21157,50731
21163,57963
21173,41974
21181,41354
21185,97597
21187,45338
21203,36468
21209,66966
21227,52007
21003,40893
21017,51462
21029,60534
21055,43169
21075,28559
21119,29326
21165,39905
21177,43110
21193,31046
21237,22458
21051,26250
21013,24628
21057,32906
21083,41615
21129,23972
21031,40061
21061,41360
21097,49696
21023,45827
21179,57469
21231,34039
21155,38544
21221,52279
21015,75043
21113,56728
21121,28790
21133,29856
21139,46076
21195,34081
21211,64240
21005,54160
21027,48189
21073,55068
21147,23273
21151,48687
21169,35809
21189,25530
21213,48311
21049,52938
21219,41865
21041,43258
21053,31115
21077,50204
22083,34422
01049,39233
01033,47558
01045,45960
01065,30571
01053,35000
01111,41449
01097,46166
01105,23561
01029,40188
01035,33177
01005,34186
01007,45340
01015,45197
01025,36127
01057,37458
27041,60676
27051,55912
27069,57112
27079,67451
27087,44537
27025,80409
27127,53230
27173,56943
27153,52872
27007,47410
27013,55861
27055,58729
27073,52199
27077,49068
27111,57131
27161,55612
27137,53344
27003,79923
27145,60606
27037,83288
27083,55525
27095,53888
27129,57886
27017,60390
27031,52271
42111,48224
29123,41322
29217,43379
29147,43349
29041,46992
29223,34391
29201,42231
29011,41625
29039,39412
29073,53439
29121,40007
29149,32534
29186,56234
29067,34372
29083,43911
29109,43373
29169,51665
29215,35277
29027,55376
45015,59995
45067,33046
45063,59593
45073,46056
45019,61028
45043,48071
45069,34203
45007,47906
45025,40033
45047,40982
45051,48279
45055,49392
45075,36188
45083,50179
45009,32229
45013,63110
45017,44534
45033,29362
45081,44486
45079,53922
45039,36294
45049,32453
45045,56789
45057,55223
45035,61698
45041,45479
45059,41578
45065,42262
45077,47024
45087,40120
45089,32351
46003,59293
46051,62532
46123,51027
46137,37143
46115,52729
46009,54450
46011,56370
46047,50837
46057,65050
46071,33438
46033,55472
46069,54891
46049,53889
46067,54868
46129,52123
46017,32500
46037,44145
46043,57419
46063,57365
46089,43804
46109,50495
46119,64028
46083,81422
46079,59232
46081,52245
27163,92376
01017,39872
27081,52301
27089,58723
27065,53300
06115,52624
06035,56362
06097,76753
06025,45834
06001,92574
06055,84753
06091,48125
06113,65923
06057,63240
06045,49233
06037,64251
06085,116178
06093,44200
06015,45258
08015,54580
08045,72898
08059,78943
08103,55543
08021,34746
08001,67575
08037,84685
08081,52807
08017,55227
08033,41714
08057,48828
08083,46797
08013,78642
08125,48394
08107,74273
08019,69936
08101,44634
08093,66861
08077,53683
08041,65334
08005,73925
10003,70996
10001,58775
09005,78314
12099,59943
12086,48982
12037,42855
12047,34583
12119,55228
12059,38608
12071,54691
12021,65675
12101,50417
12055,37314
12027,35057
12023,44491
12107,35649
12125,41770
12075,37634
12127,46760
09011,71368
09015,64774
09007,84761
09013,84916
09001,92969
12133,37188
12031,53473
12007,46197
12009,54359
12019,62653
12067,39543
12069,51884
12089,66297
12103,51454
12105,48500
12111,49373
12043,39879
12051,40728
12061,52336
12063,39002
12109,77323
12117,63760
12005,51829
12035,53872
12045,44291
12077,37363
12097,50063
12131,53785
12039,40922
12065,48173
12083,43361
12049,37594
12093,40367
12095,54335
12041,42357
12121,42686
12001,49078
12013,38609
12015,49225
12029,38237
12085,57959
12115,58644
12081,56036
12017,41424
12003,61769
12113,66242
12073,51201
12011,57333
12087,67023
12053,46030
12057,56137
12123,36934
12129,62778
13189,39199
13211,62530
13149,48094
13095,37633
18033,53808
18159,55479
18167,43859
18173,70648
18087,60675
18139,50535
18011,80567
18089,54249
18107,53610
18001,51713
18041,43317
18021,53021
18037,58994
18047,58382
18059,73142
18067,50869
18115,61148
18121,48788
18135,45601
18007,46188
18013,61455
18133,56169
18175,47078
18027,51032
18065,48235
18083,46457
18095,47436
18125,52527
18131,48370
18151,56101
36071,76716
37087,49800
55033,56268
55043,52958
55117,58943
55078,43872
55011,57134
55063,55479
55073,59543
55121,55865
55027,58870
55125,44285
55071,53489
55013,49982
55029,58287
55039,59373
55091,53140
55103,51335
55137,51195
55065,59629
55093,72111
55015,72530
55059,60929
56019,55991
56021,64220
56039,83831
48407,44658
48459,50906
48473,57654
29153,32601
29053,48750
29075,42689
29133,32846
29017,42985
29103,40383
29139,45862
29207,40567
29007,43761
29077,44808
29185,38470
29197,39697
46045,68551
46029,54774
46019,44387
46031,35441
46021,52500
46007,48348
46055,37420
46075,41103
46093,59218
46125,55380
46013,56455
46061,63036
46087,62234
46095,31222
46101,58167
46103,55024
46127,69563
46097,51394
47031,47998
47047,59017
47067,28990
47073,40335
47091,34151
47103,45736
47111,36246
47127,52294
47147,61774
47051,49038
47009,54140
47021,58641
47019,36589
47057,42997
47055,47528
47097,37915
47099,41553
47113,46223
47115,48024
47133,36558
47137,41004
47181,38634
47187,109026
47003,48945
47059,40138
47035,43893
47175,37127
47025,36077
47081,41998
47085,41510
47141,40888
47155,45943
47161,42269
47023,45667
47039,40233
47087,36703
47109,36055
47145,50003
47011,48140
47063,42589
13187,47488
12079,35509
12033,49286
12091,62048
13201,42927
13219,88308
13151,68609
13183,55439
13257,43416
13161,36531
13037,31725
13021,39931
13197,44309
13023,45029
13119,40198
13171,41464
13107,34946
13159,43284
13179,45959
13253,34338
13289,33037
13269,33442
13279,36575
13209,40728
13247,57049
13309,27626
13011,45373
13059,36889
13127,50672
13157,62495
13169,53155
13215,45389
13259,25385
13287,38341
13003,34877
13007,37188
13043,32937
13045,49608
13081,35096
13067,75153
13083,44471
13027,34322
13105,37943
13165,27311
13217,53309
13071,35472
13063,45778
13139,59898
15009,77117
16071,51058
16045,43001
16003,45319
16053,49306
16061,41326
16073,40430
16021,43507
16029,59611
16005,49739
16019,56609
16027,49143
13255,42671
13111,45647
13153,58770
13175,37369
13271,30288
13291,44978
39029,46306
39051,60231
39053,42113
39099,44682
39145,39731
39117,56010
39135,55374
39003,50552
39033,42892
39059,43975
39107,59417
39023,48502
39093,56965
39113,49314
39165,83330
39007,44823
40071,45426
40035,41701
40017,71157
40077,42363
40139,50450
40127,37457
40069,40077
40007,51996
40063,39265
40031,52227
40001,32986
40137,46166
40019,49216
40055,38322
40091,37086
40099,51490
40115,39070
40145,61566
40015,44588
40101,42689
40013,43245
41029,50851
41023,45357
41005,76597
41057,47500
41033,43046
41059,51887
41009,59714
41065,50973
41039,49958
41067,78010
48299,52178
48493,72445
48219,48116
48329,78888
48147,50761
48041,46839
48165,59032
48179,47170
48237,51700
48035,50882
48029,55456
48023,40750
48121,83376
48167,69369
48393,73854
48463,41752
48037,47505
48263,45926
47129,40166
47173,41352
47071,39798
47043,50549
47123,38327
47079,40837
47033,42047
47095,34966
47093,54437
47107,41398
47117,49370
47143,39451
47151,35453
47001,49376
47049,35084
47053,41886
47069,38651
47105,56078
47149,63846
47159,46404
47189,71513
47171,39851
35027,42267
35005,43197
35025,59797
35049,59192
35059,37936
35051,30451
35053,36146
35041,40775
35013,39164
35028,115248
35039,
35047,31660
35061,45084
35057,37218
35001,51643
35035,42752
35006,37368
35011,31028
35019,24085
35003,42480
36005,38085
36067,59225
36019,55178
36099,54695
36079,102186
36043,51862
36069,63359
36101,51789
36041,57552
36013,45332
36047,56015
36107,60736
36073,51843
36091,80839
36021,63032
36049,52380
56033,58521
56031,47096
56003,53435
56011,64055
56029,62666
56001,46865
56007,60206
56015,49774
56041,58235
56043,53426
56017,51875
56013,54242
56035,78680
56045,52867
72009,19720
72059,16922
72079,13747
72001,12902
72027,16831
72067,19394
72091,19459
72105,19332
72125,15619
72013,18001
72015,16976
72054,20315
72115,16630
72099,14155
72049,23802
72123,16887
72017,16889
72153,14954
72061,33937
72023,16080
72053,19068
72109,15761
72117,21591
72007,17255
72021,26017
72035,21320
72065,17201
72075,20845
72097,14120
17137,48508
17167,60466
17157,52107
17141,59707
17193,47773
17071,52712
17113,65813
17145,48298
17161,52630
17185,51432
17035,53376
17085,57083
17101,45654
17123,55901
17021,52415
17077,37802
17143,54770
17147,69271
17175,52260
17005,58097
17015,51228
17083,56747
17051,44432
17107,57899
17165,41167
17097,86244
16057,45466
22099,47974
22115,47772
36085,79267
36119,92758
36025,48827
36057,45837
36089,49305
36109,58743
36113,59813
36023,54489
36027,78028
36055,57479
36065,53844
36111,63348
36015,53299
36051,56071
36077,53121
36039,53617
36001,64535
36003,47033
36009,47240
36053,60228
36093,63785
36037,59338
36123,54343
37079,38306
37121,44186
37041,42621
54055,39372
54097,40401
54101,34312
54003,60615
54019,40379
55051,40801
55019,51872
55109,81124
55083,57105
55069,56086
55135,57680
55005,50903
55113,44555
55047,53260
55099,46742
55077,49586
55075,47497
55079,48742
55101,59749
55139,57124
55041,44313
55045,62699
55107,44302
55115,54143
55067,46557
55087,63536
55123,50905
55021,65348
55061,63118
55009,59963
55035,55711
55085,54198
72131,14812
72047,15088
72095,19788
72113,17173
72137,24899
72133,17640
13293,36529
13303,38092
13311,46288
13225,42802
13223,66467
13229,44167
13231,58765
18171,61148
18165,48377
18179,56265
18003,53402
18031,54622
18035,42705
18043,61754
18077,51119
18079,49801
18081,68712
18103,47460
18109,62462
18051,52620
18111,53146
18117,45341
18141,50938
18085,58402
18099,54229
18155,47929
18163,46943
18009,42217
18143,47123
18105,47075
18039,55399
18025,43875
18017,47545
18097,46692
18177,44228
19023,55999
19071,54281
19079,56273
19173,48717
19175,47518
19195,54329
19159,52005
19001,51859
19037,55385
19039,51571
19059,58099
19103,61640
19107,51043
22065,27810
22033,52719
22085,39465
22003,41009
22053,39653
22093,50661
22043,40792
22125,55510
22051,52558
22011,50738
22013,30300
22015,53806
22023,55000
22037,48129
22095,54821
22075,52386
22073,41314
22117,34985
22097,33288
22001,41177
22101,40485
22103,67706
22111,43083
22017,40866
22005,76589
22055,54726
22045,45274
22061,34154
22091,39895
22119,30358
22031,44230
22047,47797
22127,35398
22063,63159
22067,33333
22071,39576
22109,48866
22019,49452
22027,27303
22009,38077
22049,38523
22077,44269
22089,66620
22057,53089
22107,23870
22059,36868
23015,55180
23027,51564
23021,39470
23003,39824
23029,41384
23013,55402
23023,62131
23011,52929
23007,48053
23009,53068
24510,48840
24039,42165
55023,48853
55129,48422
55133,84331
55127,61106
55057,51056
55111,56732
55131,74062
55017,57288
55025,70541
55031,52480
55053,52984
55049,62785
55089,82807
55097,57368
55105,55832
55119,51698
55001,43280
55007,52910
55081,58178
55141,53473
55003,43861
55037,49128
55055,63676
56005,79916
56023,64519
56025,60550
56009,63923
56027,39359
56037,73008
47177,37715
47179,46752
47183,38566
47005,33125
47007,42889
47013,38170
47015,49523
47083,43964
47119,54249
48373,46182
48391,48112
48467,51935
48055,52278
48487,48773
55095,56932
48317,69722
48383,70478
48501,68814
48189,47080
48419,40764
48387,37955
48399,41732
48435,60543
48451,51675
48469,55631
48481,49619
48485,46575
48033,81985
48315,37283
48323,38035
01101,47990
01095,42490
01009,48695
01067,48610
01089,63417
01001,58786
01123,43361
01061,38142
01131,27237
02016,85517
02060,84688
02150,78281
02188,62949
02050,54212
02185,75431
02220,71534
02090,77095
02130,70356
02170,75905
02180,58987
02070,58750
02282,65833
02164,46406
02240,71541
02020,83280
02013,69706
02261,82306
02122,66684
02230,72237
02198,54191
13019,37163
13245,40644
13251,37588
13267,38034
13295,43650
13135,67769
13013,57348
13049,40283
13065,25236
13015,55452
13097,62147
13131,42348
13141,31984
13313,46970
13193,31999
13285,43850
13145,74261
13249,41276
13321,46076
13093,35629
13109,39701
13307,35755
13103,65153
13125,41686
13239,30000
13051,54911
13167,39813
13173,39104
13195,51701
13205,37027
13277,42790
13233,43491
13263,36213
13273,38015
13275,40112
13319,37583
13221,44927
13243,30914
13299,39887
13305,44869
13315,36077
13009,39426
13031,41789
13061,25000
13101,34447
13089,59280
13143,46353
13163,34300
13181,41014
13213,45238
13235,38770
13241,40902
13281,43927
13283,37606
13155,32339
13001,39561
41007,52583
47165,64631
47169,52864
47027,31487
19027,57674
19171,55898
19179,45233
19069,53742
19031,65791
19067,48110
19073,54050
19115,53943
19119,64352
19189,51002
19165,55489
19007,41111
19095,58570
19145,49974
19191,62820
19155,57467
19127,54027
19015,61111
19021,54556
19089,52742
19077,57075
19091,52219
19121,64512
51179,106773
72063,33661
72087,17402
72005,16693
72083,13435
72149,19855
72031,29434
72069,19880
72101,20589
72139,31193
72111,17592
72135,28863
02100,64342
02110,88213
02290,40000
02068,84196
02105,63603
02275,57583
04019,51037
04007,42092
04003,48649
04001,32963
04027,44058
04017,40054
05021,33935
05043,43014
05121,36870
05009,43262
05079,45166
05035,39002
05045,51930
05089,35518
05129,36390
05007,64141
05059,41262
05087,43891
24025,85942
24001,44065
42055,59713
42119,56026
42127,54851
42009,49146
42089,63931
42061,48597
42125,61567
42101,43744
42133,63902
42063,46877
42041,68895
42003,58383
42129,58866
42053,38383
42013,47969
42073,48860
42015,51457
42021,45901
42029,96726
42011,61522
42087,47526
48255,52252
48181,54370
48297,55766
48363,45979
48123,53779
48059,44602
48067,45345
48183,49287
48313,49428
48303,50473
48257,65390
48259,82390
48153,48555
48017,46485
48071,76850
48027,54184
48061,37132
48117,51841
48141,44597
48283,51792
48443,33750
48457,43936
48483,49352
48009,64476
48043,43894
48215,38398
48423,53511
48105,51152
48207,46013
48227,51528
48333,41827
48337,51774
48365,51569
48403,33257
48421,56576
48437,38418
48231,51928
48063,42604
48195,39229
48187,70931
48077,51191
48205,59280
48217,48823
48293,42680
48347,43598
48369,54184
48367,74625
48377,27061
48465,45521
48109,33417
48135,60676
48169,55039
48173,75833
48185,50298
48085,94192
48005,47714
48101,34375
48209,65935
48039,79270
48129,43224
